awardYear,category,categoryFullName
2001,Economic Sciences,The Sveriges Riksbank Prize in Economic Sciences in Memory of Alfred Nobel
1975,Physics,The Nobel Prize in Physics
2004,Chemistry,The Nobel Prize in Chemistry
1982,Chemistry,The Nobel Prize in Chemistry
1979,Physics,The Nobel Prize in Physics
2019,Economic Sciences,The Sveriges Riksbank Prize in Economic Sciences in Memory of Alfred Nobel
2019,Peace,The Nobel Peace Prize
2009,Chemistry,The Nobel Prize in Chemistry
2011,Physics,The Nobel Prize in Physics
1939,Chemistry,The Nobel Prize in Chemistry
1905,Chemistry,The Nobel Prize in Chemistry
1928,Chemistry,The Nobel Prize in Chemistry
1980,Peace,The Nobel Peace Prize
1999,Chemistry,The Nobel Prize in Chemistry
2010,Chemistry,The Nobel Prize in Chemistry
2019,Chemistry,The Nobel Prize in Chemistry
2007,Peace,The Nobel Peace Prize
2000,Chemistry,The Nobel Prize in Chemistry
1963,Physiology or Medicine,The Nobel Prize in Physiology or Medicine
2000,Chemistry,The Nobel Prize in Chemistry
1907,Physics,The Nobel Prize in Physics
1957,Literature,The Nobel Prize in  Literature
1974,Physiology or Medicine,The Nobel Prize in Physiology or Medicine
1921,Physics,The Nobel Prize in Physics
2007,Physics,The Nobel Prize in Physics
1902,Peace,The Nobel Peace Prize
1960,Peace,The Nobel Peace Prize
1952,Peace,The Nobel Peace Prize
1937,Physiology or Medicine,The Nobel Prize in Physiology or Medicine
1910,Physiology or Medicine,The Nobel Prize in Physiology or Medicine
1964,Physics,The Nobel Prize in Physics
1970,Literature,The Nobel Prize in  Literature
2003,Physics,The Nobel Prize in Physics
1912,Physiology or Medicine,The Nobel Prize in Physiology or Medicine
1982,Peace,The Nobel Peace Prize
1969,Physiology or Medicine,The Nobel Prize in Physiology or Medicine
1911,Peace,The Nobel Peace Prize
1994,Physiology or Medicine,The Nobel Prize in Physiology or Medicine
1966,Physics,The Nobel Prize in Physics
1913,Chemistry,The Nobel Prize in Chemistry
2013,Literature,The Nobel Prize in  Literature
1979,Physiology or Medicine,The Nobel Prize in Physiology or Medicine
1911,Physiology or Medicine,The Nobel Prize in Physiology or Medicine
1907,Physiology or Medicine,The Nobel Prize in Physiology or Medicine
1982,Peace,The Nobel Peace Prize
2012,Economic Sciences,The Sveriges Riksbank Prize in Economic Sciences in Memory of Alfred Nobel
1998,Economic Sciences,The Sveriges Riksbank Prize in Economic Sciences in Memory of Alfred Nobel
1947,Peace,The Nobel Peace Prize
1977,Peace,The Nobel Peace Prize
1921,Literature,The Nobel Prize in  Literature
1956,Physiology or Medicine,The Nobel Prize in Physiology or Medicine
2010,Physics,The Nobel Prize in Physics
1947,Literature,The Nobel Prize in  Literature
1965,Physiology or Medicine,The Nobel Prize in Physiology or Medicine
1975,Peace,The Nobel Peace Prize
1963,Physiology or Medicine,The Nobel Prize in Physiology or Medicine
1977,Physiology or Medicine,The Nobel Prize in Physiology or Medicine
2006,Physiology or Medicine,The Nobel Prize in Physiology or Medicine
2015,Economic Sciences,The Sveriges Riksbank Prize in Economic Sciences in Memory of Alfred Nobel
2003,Physics,The Nobel Prize in Physics
1974,Physics,The Nobel Prize in Physics
1978,Peace,The Nobel Peace Prize
1952,Chemistry,The Nobel Prize in Chemistry
1922,Physiology or Medicine,The Nobel Prize in Physiology or Medicine
2013,Chemistry,The Nobel Prize in Chemistry
1926,Peace,The Nobel Peace Prize
1948,Chemistry,The Nobel Prize in Chemistry
1978,Physics,The Nobel Prize in Physics
2018,Physics,The Nobel Prize in Physics
2015,Physics,The Nobel Prize in Physics
1927,Physics,The Nobel Prize in Physics
1929,Chemistry,The Nobel Prize in Chemistry
1934,Peace,The Nobel Peace Prize
1959,Physiology or Medicine,The Nobel Prize in Physiology or Medicine
1981,Physics,The Nobel Prize in Physics
1945,Chemistry,The Nobel Prize in Chemistry
2000,Physiology or Medicine,The Nobel Prize in Physiology or Medicine
1920,Physiology or Medicine,The Nobel Prize in Physiology or Medicine
1909,Peace,The Nobel Peace Prize
1991,Peace,The Nobel Peace Prize
2004,Chemistry,The Nobel Prize in Chemistry
2015,Chemistry,The Nobel Prize in Chemistry
2009,Peace,The Nobel Peace Prize
1983,Physiology or Medicine,The Nobel Prize in Physiology or Medicine
2017,Physics,The Nobel Prize in Physics
2005,Physiology or Medicine,The Nobel Prize in Physiology or Medicine
2001,Chemistry,The Nobel Prize in Chemistry
1976,Physiology or Medicine,The Nobel Prize in Physiology or Medicine
1980,Physiology or Medicine,The Nobel Prize in Physiology or Medicine
1975,Physics,The Nobel Prize in Physics
2016,Economic Sciences,The Sveriges Riksbank Prize in Economic Sciences in Memory of Alfred Nobel
1982,Physiology or Medicine,The Nobel Prize in Physiology or Medicine
2016,Chemistry,The Nobel Prize in Chemistry
1947,Physiology or Medicine,The Nobel Prize in Physiology or Medicine
1991,Physiology or Medicine,The Nobel Prize in Physiology or Medicine
1905,Peace,The Nobel Peace Prize
1977,Economic Sciences,The Sveriges Riksbank Prize in Economic Sciences in Memory of Alfred Nobel
1994,Physics,The Nobel Prize in Physics
1950,Literature,The Nobel Prize in  Literature
1976,Peace,The Nobel Peace Prize
1903,Literature,The Nobel Prize in  Literature
2016,Literature,The Nobel Prize in  Literature
1958,Literature,The Nobel Prize in  Literature
1973,Physics,The Nobel Prize in Physics
2012,Chemistry,The Nobel Prize in Chemistry
2011,Physics,The Nobel Prize in Physics
2011,Physiology or Medicine,The Nobel Prize in Physiology or Medicine
1984,Chemistry,The Nobel Prize in Chemistry
1976,Physics,The Nobel Prize in Physics
1927,Physics,The Nobel Prize in Physics
1906,Physiology or Medicine,The Nobel Prize in Physiology or Medicine
1989,Literature,The Nobel Prize in  Literature
1931,Chemistry,The Nobel Prize in Chemistry
1947,Physiology or Medicine,The Nobel Prize in Physiology or Medicine
1936,Physics,The Nobel Prize in Physics
1919,Literature,The Nobel Prize in  Literature
1935,Peace,The Nobel Peace Prize
2001,Physics,The Nobel Prize in Physics
1984,Physics,The Nobel Prize in Physics
1996,Peace,The Nobel Peace Prize
1936,Peace,The Nobel Peace Prize
2009,Physiology or Medicine,The Nobel Prize in Physiology or Medicine
1950,Physics,The Nobel Prize in Physics
1984,Physiology or Medicine,The Nobel Prize in Physiology or Medicine
1966,Physiology or Medicine,The Nobel Prize in Physiology or Medicine
1920,Physics,The Nobel Prize in Physics
1925,Peace,The Nobel Peace Prize
1917,Physics,The Nobel Prize in Physics
1964,Physics,The Nobel Prize in Physics
1987,Chemistry,The Nobel Prize in Chemistry
2009,Physics,The Nobel Prize in Physics
1928,Physiology or Medicine,The Nobel Prize in Physiology or Medicine
1913,Physiology or Medicine,The Nobel Prize in Physiology or Medicine
1957,Physics,The Nobel Prize in Physics
1929,Physiology or Medicine,The Nobel Prize in Physiology or Medicine
1972,Chemistry,The Nobel Prize in Chemistry
1974,Physiology or Medicine,The Nobel Prize in Physiology or Medicine
1921,Peace,The Nobel Peace Prize
1995,Physiology or Medicine,The Nobel Prize in Physiology or Medicine
2010,Economic Sciences,The Sveriges Riksbank Prize in Economic Sciences in Memory of Alfred Nobel
2011,Economic Sciences,The Sveriges Riksbank Prize in Economic Sciences in Memory of Alfred Nobel
1997,Physics,The Nobel Prize in Physics
1985,Literature,The Nobel Prize in  Literature
1994,Physics,The Nobel Prize in Physics
1937,Physics,The Nobel Prize in Physics
2003,Economic Sciences,The Sveriges Riksbank Prize in Economic Sciences in Memory of Alfred Nobel
1945,Peace,The Nobel Peace Prize
1938,Physiology or Medicine,The Nobel Prize in Physiology or Medicine
2006,Physiology or Medicine,The Nobel Prize in Physiology or Medicine
1980,Literature,The Nobel Prize in  Literature
1976,Physiology or Medicine,The Nobel Prize in Physiology or Medicine
1961,Peace,The Nobel Peace Prize
2010,Economic Sciences,The Sveriges Riksbank Prize in Economic Sciences in Memory of Alfred Nobel
2011,Chemistry,The Nobel Prize in Chemistry
1957,Physiology or Medicine,The Nobel Prize in Physiology or Medicine
1998,Physics,The Nobel Prize in Physics
2002,Economic Sciences,The Sveriges Riksbank Prize in Economic Sciences in Memory of Alfred Nobel
2000,Economic Sciences,The Sveriges Riksbank Prize in Economic Sciences in Memory of Alfred Nobel
1978,Physiology or Medicine,The Nobel Prize in Physiology or Medicine
1997,Literature,The Nobel Prize in  Literature
1975,Physiology or Medicine,The Nobel Prize in Physiology or Medicine
1981,Physiology or Medicine,The Nobel Prize in Physiology or Medicine
2004,Physics,The Nobel Prize in Physics
2016,Physics,The Nobel Prize in Physics
2012,Physics,The Nobel Prize in Physics
1996,Physics,The Nobel Prize in Physics
1998,Peace,The Nobel Peace Prize
2018,Peace,The Nobel Peace Prize
1971,Physics,The Nobel Prize in Physics
1969,Chemistry,The Nobel Prize in Chemistry
1992,Literature,The Nobel Prize in  Literature
1984,Peace,The Nobel Peace Prize
1956,Physiology or Medicine,The Nobel Prize in Physiology or Medicine
2019,Physics,The Nobel Prize in Physics
1960,Physics,The Nobel Prize in Physics
1987,Chemistry,The Nobel Prize in Chemistry
2018,Physics,The Nobel Prize in Physics
2007,Literature,The Nobel Prize in  Literature
1964,Chemistry,The Nobel Prize in Chemistry
1996,Physics,The Nobel Prize in Physics
1993,Economic Sciences,The Sveriges Riksbank Prize in Economic Sciences in Memory of Alfred Nobel
1986,Chemistry,The Nobel Prize in Chemistry
1990,Physiology or Medicine,The Nobel Prize in Physiology or Medicine
1952,Physics,The Nobel Prize in Physics
1971,Physiology or Medicine,The Nobel Prize in Physiology or Medicine
1932,Physiology or Medicine,The Nobel Prize in Physiology or Medicine
1992,Physiology or Medicine,The Nobel Prize in Physiology or Medicine
2006,Economic Sciences,The Sveriges Riksbank Prize in Economic Sciences in Memory of Alfred Nobel
1907,Chemistry,The Nobel Prize in Chemistry
2014,Physiology or Medicine,The Nobel Prize in Physiology or Medicine
1943,Physiology or Medicine,The Nobel Prize in Physiology or Medicine
1995,Physiology or Medicine,The Nobel Prize in Physiology or Medicine
1950,Physiology or Medicine,The Nobel Prize in Physiology or Medicine
2004,Economic Sciences,The Sveriges Riksbank Prize in Economic Sciences in Memory of Alfred Nobel
1958,Physiology or Medicine,The Nobel Prize in Physiology or Medicine
1947,Physics,The Nobel Prize in Physics
1992,Physiology or Medicine,The Nobel Prize in Physiology or Medicine
1951,Chemistry,The Nobel Prize in Chemistry
1949,Physiology or Medicine,The Nobel Prize in Physiology or Medicine
2010,Chemistry,The Nobel Prize in Chemistry
1974,Peace,The Nobel Peace Prize
2004,Literature,The Nobel Prize in  Literature
1981,Literature,The Nobel Prize in  Literature
1990,Chemistry,The Nobel Prize in Chemistry
1902,Peace,The Nobel Peace Prize
1986,Peace,The Nobel Peace Prize
1912,Peace,The Nobel Peace Prize
2009,Economic Sciences,The Sveriges Riksbank Prize in Economic Sciences in Memory of Alfred Nobel
2009,Physiology or Medicine,The Nobel Prize in Physiology or Medicine
2011,Peace,The Nobel Peace Prize
1902,Chemistry,The Nobel Prize in Chemistry
1901,Physiology or Medicine,The Nobel Prize in Physiology or Medicine
1959,Physics,The Nobel Prize in Physics
1946,Peace,The Nobel Peace Prize
1938,Physics,The Nobel Prize in Physics
2014,Chemistry,The Nobel Prize in Chemistry
2001,Physics,The Nobel Prize in Physics
1995,Physiology or Medicine,The Nobel Prize in Physiology or Medicine
2000,Physiology or Medicine,The Nobel Prize in Physiology or Medicine
2007,Economic Sciences,The Sveriges Riksbank Prize in Economic Sciences in Memory of Alfred Nobel
1931,Literature,The Nobel Prize in  Literature
1954,Literature,The Nobel Prize in  Literature
1939,Physics,The Nobel Prize in Physics
1908,Chemistry,The Nobel Prize in Chemistry
1951,Physics,The Nobel Prize in Physics
1907,Peace,The Nobel Peace Prize
1945,Physiology or Medicine,The Nobel Prize in Physiology or Medicine
1973,Chemistry,The Nobel Prize in Chemistry
1986,Physics,The Nobel Prize in Physics
1991,Physiology or Medicine,The Nobel Prize in Physiology or Medicine
1933,Physics,The Nobel Prize in Physics
2019,Economic Sciences,The Sveriges Riksbank Prize in Economic Sciences in Memory of Alfred Nobel
2013,Economic Sciences,The Sveriges Riksbank Prize in Economic Sciences in Memory of Alfred Nobel
1936,Literature,The Nobel Prize in  Literature
1963,Physics,The Nobel Prize in Physics
1975,Literature,The Nobel Prize in  Literature
2012,Peace,The Nobel Peace Prize
1974,Literature,The Nobel Prize in  Literature
2016,Physics,The Nobel Prize in Physics
1995,Chemistry,The Nobel Prize in Chemistry
1993,Peace,The Nobel Peace Prize
1952,Physics,The Nobel Prize in Physics
1964,Physiology or Medicine,The Nobel Prize in Physiology or Medicine
1909,Physics,The Nobel Prize in Physics
1927,Peace,The Nobel Peace Prize
1998,Physiology or Medicine,The Nobel Prize in Physiology or Medicine
2004,Economic Sciences,The Sveriges Riksbank Prize in Economic Sciences in Memory of Alfred Nobel
2018,Chemistry,The Nobel Prize in Chemistry
1962,Physiology or Medicine,The Nobel Prize in Physiology or Medicine
1922,Chemistry,The Nobel Prize in Chemistry
1985,Economic Sciences,The Sveriges Riksbank Prize in Economic Sciences in Memory of Alfred Nobel
2013,Physics,The Nobel Prize in Physics
1965,Physiology or Medicine,The Nobel Prize in Physiology or Medicine
1952,Literature,The Nobel Prize in  Literature
2008,Physiology or Medicine,The Nobel Prize in Physiology or Medicine
1929,Peace,The Nobel Peace Prize
2004,Physics,The Nobel Prize in Physics
1939,Literature,The Nobel Prize in  Literature
1935,Chemistry,The Nobel Prize in Chemistry
1904,Literature,The Nobel Prize in  Literature
1901,Peace,The Nobel Peace Prize
1954,Physiology or Medicine,The Nobel Prize in Physiology or Medicine
1923,Physiology or Medicine,The Nobel Prize in Physiology or Medicine
1995,Physics,The Nobel Prize in Physics
1958,Chemistry,The Nobel Prize in Chemistry
1921,Chemistry,The Nobel Prize in Chemistry
1908,Peace,The Nobel Peace Prize
1922,Peace,The Nobel Peace Prize
1931,Chemistry,The Nobel Prize in Chemistry
1974,Economic Sciences,The Sveriges Riksbank Prize in Economic Sciences in Memory of Alfred Nobel
1947,Peace,The Nobel Peace Prize
1953,Physics,The Nobel Prize in Physics
1918,Chemistry,The Nobel Prize in Chemistry
1953,Physiology or Medicine,The Nobel Prize in Physiology or Medicine
1923,Chemistry,The Nobel Prize in Chemistry
1982,Literature,The Nobel Prize in  Literature
1908,Physics,The Nobel Prize in Physics
1945,Literature,The Nobel Prize in  Literature
2000,Literature,The Nobel Prize in  Literature
1992,Economic Sciences,The Sveriges Riksbank Prize in Economic Sciences in Memory of Alfred Nobel
1973,Chemistry,The Nobel Prize in Chemistry
1961,Physiology or Medicine,The Nobel Prize in Physiology or Medicine
1979,Chemistry,The Nobel Prize in Chemistry
2001,Economic Sciences,The Sveriges Riksbank Prize in Economic Sciences in Memory of Alfred Nobel
1994,Chemistry,The Nobel Prize in Chemistry
1958,Physiology or Medicine,The Nobel Prize in Physiology or Medicine
1925,Literature,The Nobel Prize in  Literature
1953,Peace,The Nobel Peace Prize
1980,Physiology or Medicine,The Nobel Prize in Physiology or Medicine
1943,Chemistry,The Nobel Prize in Chemistry
1974,Physiology or Medicine,The Nobel Prize in Physiology or Medicine
2009,Physics,The Nobel Prize in Physics
2006,Physics,The Nobel Prize in Physics
1988,Physiology or Medicine,The Nobel Prize in Physiology or Medicine
1934,Physiology or Medicine,The Nobel Prize in Physiology or Medicine
1982,Economic Sciences,The Sveriges Riksbank Prize in Economic Sciences in Memory of Alfred Nobel
2018,Chemistry,The Nobel Prize in Chemistry
1937,Physics,The Nobel Prize in Physics
1967,Chemistry,The Nobel Prize in Chemistry
1934,Physiology or Medicine,The Nobel Prize in Physiology or Medicine
1967,Physiology or Medicine,The Nobel Prize in Physiology or Medicine
1992,Physics,The Nobel Prize in Physics
1984,Physiology or Medicine,The Nobel Prize in Physiology or Medicine
1958,Peace,The Nobel Peace Prize
1972,Physiology or Medicine,The Nobel Prize in Physiology or Medicine
1983,Economic Sciences,The Sveriges Riksbank Prize in Economic Sciences in Memory of Alfred Nobel
2018,Physics,The Nobel Prize in Physics
1999,Physics,The Nobel Prize in Physics
1986,Physics,The Nobel Prize in Physics
1939,Physiology or Medicine,The Nobel Prize in Physiology or Medicine
2007,Chemistry,The Nobel Prize in Chemistry
1971,Chemistry,The Nobel Prize in Chemistry
1912,Literature,The Nobel Prize in  Literature
1988,Physiology or Medicine,The Nobel Prize in Physiology or Medicine
1947,Physiology or Medicine,The Nobel Prize in Physiology or Medicine
1963,Literature,The Nobel Prize in  Literature
1906,Literature,The Nobel Prize in  Literature
1963,Chemistry,The Nobel Prize in Chemistry
1951,Chemistry,The Nobel Prize in Chemistry
1979,Physiology or Medicine,The Nobel Prize in Physiology or Medicine
2006,Peace,The Nobel Peace Prize
1926,Literature,The Nobel Prize in  Literature
2019,Physiology or Medicine,The Nobel Prize in Physiology or Medicine
1909,Physics,The Nobel Prize in Physics
1974,Economic Sciences,The Sveriges Riksbank Prize in Economic Sciences in Memory of Alfred Nobel
1999,Physiology or Medicine,The Nobel Prize in Physiology or Medicine
1999,Literature,The Nobel Prize in  Literature
1912,Physics,The Nobel Prize in Physics
1925,Physics,The Nobel Prize in Physics
1926,Peace,The Nobel Peace Prize
2004,Physics,The Nobel Prize in Physics
1968,Physiology or Medicine,The Nobel Prize in Physiology or Medicine
2002,Physiology or Medicine,The Nobel Prize in Physiology or Medicine
1955,Literature,The Nobel Prize in  Literature
1978,Physiology or Medicine,The Nobel Prize in Physiology or Medicine
1970,Physics,The Nobel Prize in Physics
1967,Physics,The Nobel Prize in Physics
1930,Chemistry,The Nobel Prize in Chemistry
1989,Physics,The Nobel Prize in Physics
1953,Physiology or Medicine,The Nobel Prize in Physiology or Medicine
1935,Physiology or Medicine,The Nobel Prize in Physiology or Medicine
1929,Chemistry,The Nobel Prize in Chemistry
2008,Physiology or Medicine,The Nobel Prize in Physiology or Medicine
1934,Chemistry,The Nobel Prize in Chemistry
1989,Physiology or Medicine,The Nobel Prize in Physiology or Medicine
2005,Literature,The Nobel Prize in  Literature
1990,Economic Sciences,The Sveriges Riksbank Prize in Economic Sciences in Memory of Alfred Nobel
1974,Literature,The Nobel Prize in  Literature
1988,Chemistry,The Nobel Prize in Chemistry
1913,Physics,The Nobel Prize in Physics
1972,Literature,The Nobel Prize in  Literature
1986,Physics,The Nobel Prize in Physics
1927,Chemistry,The Nobel Prize in Chemistry
1902,Physics,The Nobel Prize in Physics
1903,Physics,The Nobel Prize in Physics
1927,Literature,The Nobel Prize in  Literature
1913,Peace,The Nobel Peace Prize
1906,Chemistry,The Nobel Prize in Chemistry
1943,Physiology or Medicine,The Nobel Prize in Physiology or Medicine
1917,Literature,The Nobel Prize in  Literature
1901,Peace,The Nobel Peace Prize
1973,Peace,The Nobel Peace Prize
1983,Chemistry,The Nobel Prize in Chemistry
1990,Physics,The Nobel Prize in Physics
1905,Literature,The Nobel Prize in  Literature
1985,Chemistry,The Nobel Prize in Chemistry
1979,Chemistry,The Nobel Prize in Chemistry
2000,Physics,The Nobel Prize in Physics
1944,Physiology or Medicine,The Nobel Prize in Physiology or Medicine
1978,Economic Sciences,The Sveriges Riksbank Prize in Economic Sciences in Memory of Alfred Nobel
1946,Literature,The Nobel Prize in  Literature
1946,Physiology or Medicine,The Nobel Prize in Physiology or Medicine
1953,Chemistry,The Nobel Prize in Chemistry
2009,Literature,The Nobel Prize in  Literature
2000,Chemistry,The Nobel Prize in Chemistry
1949,Physics,The Nobel Prize in Physics
2014,Physics,The Nobel Prize in Physics
1921,Peace,The Nobel Peace Prize
1998,Physics,The Nobel Prize in Physics
1975,Physiology or Medicine,The Nobel Prize in Physiology or Medicine
1955,Physiology or Medicine,The Nobel Prize in Physiology or Medicine
1958,Physics,The Nobel Prize in Physics
1958,Physics,The Nobel Prize in Physics
1908,Physiology or Medicine,The Nobel Prize in Physiology or Medicine
1977,Chemistry,The Nobel Prize in Chemistry
2002,Literature,The Nobel Prize in  Literature
1904,Peace,The Nobel Peace Prize
2007,Peace,The Nobel Peace Prize
2005,Peace,The Nobel Peace Prize
2017,Peace,The Nobel Peace Prize
1997,Peace,The Nobel Peace Prize
1917,Peace,The Nobel Peace Prize
1969,Peace,The Nobel Peace Prize
1985,Peace,The Nobel Peace Prize
1935,Chemistry,The Nobel Prize in Chemistry
1932,Chemistry,The Nobel Prize in Chemistry
2004,Chemistry,The Nobel Prize in Chemistry
1978,Literature,The Nobel Prize in  Literature
2014,Physics,The Nobel Prize in Physics
1944,Physics,The Nobel Prize in Physics
1933,Literature,The Nobel Prize in  Literature
1904,Physiology or Medicine,The Nobel Prize in Physiology or Medicine
1973,Physics,The Nobel Prize in Physics
1961,Literature,The Nobel Prize in  Literature
1987,Physics,The Nobel Prize in Physics
1963,Physics,The Nobel Prize in Physics
2003,Literature,The Nobel Prize in  Literature
1989,Physiology or Medicine,The Nobel Prize in Physiology or Medicine
2016,Physics,The Nobel Prize in Physics
2005,Physiology or Medicine,The Nobel Prize in Physiology or Medicine
1906,Physics,The Nobel Prize in Physics
1922,Literature,The Nobel Prize in  Literature
2000,Physics,The Nobel Prize in Physics
1988,Physics,The Nobel Prize in Physics
2009,Physiology or Medicine,The Nobel Prize in Physiology or Medicine
1901,Chemistry,The Nobel Prize in Chemistry
2017,Chemistry,The Nobel Prize in Chemistry
1965,Physiology or Medicine,The Nobel Prize in Physiology or Medicine
1996,Economic Sciences,The Sveriges Riksbank Prize in Economic Sciences in Memory of Alfred Nobel
1946,Chemistry,The Nobel Prize in Chemistry
1935,Physics,The Nobel Prize in Physics
1980,Physics,The Nobel Prize in Physics
1977,Economic Sciences,The Sveriges Riksbank Prize in Economic Sciences in Memory of Alfred Nobel
2013,Physiology or Medicine,The Nobel Prize in Physiology or Medicine
1925,Physics,The Nobel Prize in Physics
2000,Economic Sciences,The Sveriges Riksbank Prize in Economic Sciences in Memory of Alfred Nobel
1986,Economic Sciences,The Sveriges Riksbank Prize in Economic Sciences in Memory of Alfred Nobel
2018,Physiology or Medicine,The Nobel Prize in Physiology or Medicine
2019,Physics,The Nobel Prize in Physics
1975,Physics,The Nobel Prize in Physics
1981,Economic Sciences,The Sveriges Riksbank Prize in Economic Sciences in Memory of Alfred Nobel
1962,Physiology or Medicine,The Nobel Prize in Physiology or Medicine
1969,Economic Sciences,The Sveriges Riksbank Prize in Economic Sciences in Memory of Alfred Nobel
1931,Peace,The Nobel Peace Prize
1959,Chemistry,The Nobel Prize in Chemistry
1984,Literature,The Nobel Prize in  Literature
1926,Physics,The Nobel Prize in Physics
1980,Physiology or Medicine,The Nobel Prize in Physiology or Medicine
2014,Economic Sciences,The Sveriges Riksbank Prize in Economic Sciences in Memory of Alfred Nobel
2008,Literature,The Nobel Prize in  Literature
1987,Chemistry,The Nobel Prize in Chemistry
1964,Literature,The Nobel Prize in  Literature
2016,Chemistry,The Nobel Prize in Chemistry
2017,Physiology or Medicine,The Nobel Prize in Physiology or Medicine
1997,Chemistry,The Nobel Prize in Chemistry
1990,Physics,The Nobel Prize in Physics
1985,Chemistry,The Nobel Prize in Chemistry
2002,Peace,The Nobel Peace Prize
2017,Chemistry,The Nobel Prize in Chemistry
1997,Peace,The Nobel Peace Prize
1988,Chemistry,The Nobel Prize in Chemistry
1910,Physics,The Nobel Prize in Physics
1926,Physiology or Medicine,The Nobel Prize in Physiology or Medicine
1919,Physics,The Nobel Prize in Physics
1944,Literature,The Nobel Prize in  Literature
2002,Chemistry,The Nobel Prize in Chemistry
2019,Chemistry,The Nobel Prize in Chemistry
1956,Physics,The Nobel Prize in Physics
1994,Economic Sciences,The Sveriges Riksbank Prize in Economic Sciences in Memory of Alfred Nobel
1962,Chemistry,The Nobel Prize in Chemistry
2006,Physics,The Nobel Prize in Physics
1986,Chemistry,The Nobel Prize in Chemistry
1951,Physics,The Nobel Prize in Physics
1975,Chemistry,The Nobel Prize in Chemistry
2002,Physiology or Medicine,The Nobel Prize in Physiology or Medicine
1997,Chemistry,The Nobel Prize in Chemistry
1954,Physiology or Medicine,The Nobel Prize in Physiology or Medicine
1994,Economic Sciences,The Sveriges Riksbank Prize in Economic Sciences in Memory of Alfred Nobel
1932,Literature,The Nobel Prize in  Literature
1946,Chemistry,The Nobel Prize in Chemistry
1977,Physics,The Nobel Prize in Physics
1998,Peace,The Nobel Peace Prize
2005,Physics,The Nobel Prize in Physics
1923,Physiology or Medicine,The Nobel Prize in Physiology or Medicine
2014,Physiology or Medicine,The Nobel Prize in Physiology or Medicine
1998,Chemistry,The Nobel Prize in Chemistry
1972,Economic Sciences,The Sveriges Riksbank Prize in Economic Sciences in Memory of Alfred Nobel
1946,Peace,The Nobel Peace Prize
1982,Physiology or Medicine,The Nobel Prize in Physiology or Medicine
1962,Literature,The Nobel Prize in  Literature
1904,Literature,The Nobel Prize in  Literature
1996,Peace,The Nobel Peace Prize
1998,Literature,The Nobel Prize in  Literature
1987,Literature,The Nobel Prize in  Literature
1990,Physiology or Medicine,The Nobel Prize in Physiology or Medicine
2001,Economic Sciences,The Sveriges Riksbank Prize in Economic Sciences in Memory of Alfred Nobel
1944,Physiology or Medicine,The Nobel Prize in Physiology or Medicine
1993,Physics,The Nobel Prize in Physics
1985,Physiology or Medicine,The Nobel Prize in Physiology or Medicine
1995,Peace,The Nobel Peace Prize
1958,Physiology or Medicine,The Nobel Prize in Physiology or Medicine
2016,Peace,The Nobel Peace Prize
1956,Literature,The Nobel Prize in  Literature
2011,Physiology or Medicine,The Nobel Prize in Physiology or Medicine
1919,Physiology or Medicine,The Nobel Prize in Physiology or Medicine
1965,Physics,The Nobel Prize in Physics
1970,Physiology or Medicine,The Nobel Prize in Physiology or Medicine
1927,Physiology or Medicine,The Nobel Prize in Physiology or Medicine
1987,Physics,The Nobel Prize in Physics
1981,Physics,The Nobel Prize in Physics
2014,Peace,The Nobel Peace Prize
1917,Literature,The Nobel Prize in  Literature
1930,Physiology or Medicine,The Nobel Prize in Physiology or Medicine
1973,Physiology or Medicine,The Nobel Prize in Physiology or Medicine
1963,Chemistry,The Nobel Prize in Chemistry
1993,Chemistry,The Nobel Prize in Chemistry
2017,Literature,The Nobel Prize in  Literature
1967,Physiology or Medicine,The Nobel Prize in Physiology or Medicine
1981,Chemistry,The Nobel Prize in Chemistry
1982,Physics,The Nobel Prize in Physics
1972,Economic Sciences,The Sveriges Riksbank Prize in Economic Sciences in Memory of Alfred Nobel
1994,Literature,The Nobel Prize in  Literature
2000,Peace,The Nobel Peace Prize
2017,Physics,The Nobel Prize in Physics
1908,Peace,The Nobel Peace Prize
1985,Physics,The Nobel Prize in Physics
1920,Literature,The Nobel Prize in  Literature
2001,Peace,The Nobel Peace Prize
2002,Chemistry,The Nobel Prize in Chemistry
1964,Physiology or Medicine,The Nobel Prize in Physiology or Medicine
1973,Physiology or Medicine,The Nobel Prize in Physiology or Medicine
2010,Physics,The Nobel Prize in Physics
1950,Chemistry,The Nobel Prize in Chemistry
2002,Chemistry,The Nobel Prize in Chemistry
1968,Chemistry,The Nobel Prize in Chemistry
2013,Economic Sciences,The Sveriges Riksbank Prize in Economic Sciences in Memory of Alfred Nobel
1915,Physics,The Nobel Prize in Physics
1980,Economic Sciences,The Sveriges Riksbank Prize in Economic Sciences in Memory of Alfred Nobel
1973,Peace,The Nobel Peace Prize
1963,Peace,The Nobel Peace Prize
1983,Peace,The Nobel Peace Prize
2001,Physiology or Medicine,The Nobel Prize in Physiology or Medicine
1973,Physics,The Nobel Prize in Physics
1920,Peace,The Nobel Peace Prize
1951,Peace,The Nobel Peace Prize
1988,Physics,The Nobel Prize in Physics
1972,Physics,The Nobel Prize in Physics
2007,Economic Sciences,The Sveriges Riksbank Prize in Economic Sciences in Memory of Alfred Nobel
1975,Economic Sciences,The Sveriges Riksbank Prize in Economic Sciences in Memory of Alfred Nobel
1939,Chemistry,The Nobel Prize in Chemistry
1957,Peace,The Nobel Peace Prize
1962,Physics,The Nobel Prize in Physics
2011,Peace,The Nobel Peace Prize
2004,Physiology or Medicine,The Nobel Prize in Physiology or Medicine
1962,Peace,The Nobel Peace Prize
2010,Peace,The Nobel Peace Prize
2012,Economic Sciences,The Sveriges Riksbank Prize in Economic Sciences in Memory of Alfred Nobel
1949,Peace,The Nobel Peace Prize
1904,Physics,The Nobel Prize in Physics
1957,Chemistry,The Nobel Prize in Chemistry
1929,Physics,The Nobel Prize in Physics
1998,Physiology or Medicine,The Nobel Prize in Physiology or Medicine
1970,Physics,The Nobel Prize in Physics
1907,Peace,The Nobel Peace Prize
2008,Physiology or Medicine,The Nobel Prize in Physiology or Medicine
1927,Peace,The Nobel Peace Prize
1934,Literature,The Nobel Prize in  Literature
1968,Physics,The Nobel Prize in Physics
1970,Chemistry,The Nobel Prize in Chemistry
2019,Chemistry,The Nobel Prize in Chemistry
1976,Peace,The Nobel Peace Prize
2008,Physics,The Nobel Prize in Physics
2014,Peace,The Nobel Peace Prize
1967,Chemistry,The Nobel Prize in Chemistry
1924,Physics,The Nobel Prize in Physics
1963,Physics,The Nobel Prize in Physics
1903,Physics,The Nobel Prize in Physics
1995,Chemistry,The Nobel Prize in Chemistry
2007,Physiology or Medicine,The Nobel Prize in Physiology or Medicine
2010,Literature,The Nobel Prize in  Literature
1968,Physiology or Medicine,The Nobel Prize in Physiology or Medicine
2008,Chemistry,The Nobel Prize in Chemistry
2013,Chemistry,The Nobel Prize in Chemistry
1995,Physics,The Nobel Prize in Physics
1964,Peace,The Nobel Peace Prize
1994,Physiology or Medicine,The Nobel Prize in Physiology or Medicine
1974,Physics,The Nobel Prize in Physics
1999,Physics,The Nobel Prize in Physics
2008,Peace,The Nobel Peace Prize
2002,Physics,The Nobel Prize in Physics
1988,Economic Sciences,The Sveriges Riksbank Prize in Economic Sciences in Memory of Alfred Nobel
1911,Literature,The Nobel Prize in  Literature
1962,Physiology or Medicine,The Nobel Prize in Physiology or Medicine
1954,Physics,The Nobel Prize in Physics
1969,Physiology or Medicine,The Nobel Prize in Physiology or Medicine
1962,Chemistry,The Nobel Prize in Chemistry
1918,Physics,The Nobel Prize in Physics
1951,Physiology or Medicine,The Nobel Prize in Physiology or Medicine
1914,Physics,The Nobel Prize in Physics
2014,Physiology or Medicine,The Nobel Prize in Physiology or Medicine
1999,Peace,The Nobel Peace Prize
1961,Chemistry,The Nobel Prize in Chemistry
1988,Physics,The Nobel Prize in Physics
1978,Peace,The Nobel Peace Prize
1990,Economic Sciences,The Sveriges Riksbank Prize in Economic Sciences in Memory of Alfred Nobel
2019,Economic Sciences,The Sveriges Riksbank Prize in Economic Sciences in Memory of Alfred Nobel
2013,Chemistry,The Nobel Prize in Chemistry
2017,Physiology or Medicine,The Nobel Prize in Physiology or Medicine
1985,Physiology or Medicine,The Nobel Prize in Physiology or Medicine
1993,Chemistry,The Nobel Prize in Chemistry
2017,Physiology or Medicine,The Nobel Prize in Physiology or Medicine
2019,Physics,The Nobel Prize in Physics
1967,Literature,The Nobel Prize in  Literature
1990,Peace,The Nobel Peace Prize
1965,Literature,The Nobel Prize in  Literature
1976,Economic Sciences,The Sveriges Riksbank Prize in Economic Sciences in Memory of Alfred Nobel
2012,Literature,The Nobel Prize in  Literature
2005,Peace,The Nobel Peace Prize
1979,Peace,The Nobel Peace Prize
2006,Peace,The Nobel Peace Prize
1969,Physics,The Nobel Prize in Physics
1997,Economic Sciences,The Sveriges Riksbank Prize in Economic Sciences in Memory of Alfred Nobel
2018,Peace,The Nobel Peace Prize
1991,Literature,The Nobel Prize in  Literature
1988,Literature,The Nobel Prize in  Literature
1938,Peace,The Nobel Peace Prize
1930,Peace,The Nobel Peace Prize
2015,Peace,The Nobel Peace Prize
1966,Literature,The Nobel Prize in  Literature
1993,Peace,The Nobel Peace Prize
1931,Peace,The Nobel Peace Prize
1981,Physics,The Nobel Prize in Physics
1964,Physics,The Nobel Prize in Physics
1922,Physics,The Nobel Prize in Physics
1984,Physiology or Medicine,The Nobel Prize in Physiology or Medicine
1903,Physiology or Medicine,The Nobel Prize in Physiology or Medicine
1973,Physiology or Medicine,The Nobel Prize in Physiology or Medicine
1956,Chemistry,The Nobel Prize in Chemistry
1970,Peace,The Nobel Peace Prize
1989,Physics,The Nobel Prize in Physics
1937,Chemistry,The Nobel Prize in Chemistry
1990,Literature,The Nobel Prize in  Literature
1969,Chemistry,The Nobel Prize in Chemistry
1979,Literature,The Nobel Prize in  Literature
1954,Peace,The Nobel Peace Prize
2018,Literature,The Nobel Prize in  Literature
2009,Economic Sciences,The Sveriges Riksbank Prize in Economic Sciences in Memory of Alfred Nobel
2016,Economic Sciences,The Sveriges Riksbank Prize in Economic Sciences in Memory of Alfred Nobel
2007,Physiology or Medicine,The Nobel Prize in Physiology or Medicine
2013,Peace,The Nobel Peace Prize
2006,Literature,The Nobel Prize in  Literature
2008,Chemistry,The Nobel Prize in Chemistry
1987,Peace,The Nobel Peace Prize
1950,Chemistry,The Nobel Prize in Chemistry
1944,Chemistry,The Nobel Prize in Chemistry
1936,Physiology or Medicine,The Nobel Prize in Physiology or Medicine
1922,Physiology or Medicine,The Nobel Prize in Physiology or Medicine
1943,Physics,The Nobel Prize in Physics
1910,Chemistry,The Nobel Prize in Chemistry
1931,Physiology or Medicine,The Nobel Prize in Physiology or Medicine
1959,Physics,The Nobel Prize in Physics
1928,Physics,The Nobel Prize in Physics
1971,Literature,The Nobel Prize in  Literature
1951,Literature,The Nobel Prize in  Literature
1948,Physics,The Nobel Prize in Physics
2014,Literature,The Nobel Prize in  Literature
1973,Literature,The Nobel Prize in  Literature
1970,Economic Sciences,The Sveriges Riksbank Prize in Economic Sciences in Memory of Alfred Nobel
1933,Physics,The Nobel Prize in Physics
1980,Chemistry,The Nobel Prize in Chemistry
2003,Physiology or Medicine,The Nobel Prize in Physiology or Medicine
1997,Chemistry,The Nobel Prize in Chemistry
1908,Physiology or Medicine,The Nobel Prize in Physiology or Medicine
2000,Physiology or Medicine,The Nobel Prize in Physiology or Medicine
1909,Peace,The Nobel Peace Prize
1910,Literature,The Nobel Prize in  Literature
1995,Chemistry,The Nobel Prize in Chemistry
1974,Chemistry,The Nobel Prize in Chemistry
1937,Chemistry,The Nobel Prize in Chemistry
2008,Economic Sciences,The Sveriges Riksbank Prize in Economic Sciences in Memory of Alfred Nobel
2018,Economic Sciences,The Sveriges Riksbank Prize in Economic Sciences in Memory of Alfred Nobel
2015,Chemistry,The Nobel Prize in Chemistry
1948,Physiology or Medicine,The Nobel Prize in Physiology or Medicine
1912,Chemistry,The Nobel Prize in Chemistry
1958,Physics,The Nobel Prize in Physics
1938,Literature,The Nobel Prize in  Literature
1946,Physics,The Nobel Prize in Physics
1910,Peace,The Nobel Peace Prize
2010,Economic Sciences,The Sveriges Riksbank Prize in Economic Sciences in Memory of Alfred Nobel
2003,Chemistry,The Nobel Prize in Chemistry
1996,Physiology or Medicine,The Nobel Prize in Physiology or Medicine
1936,Chemistry,The Nobel Prize in Chemistry
2007,Physics,The Nobel Prize in Physics
2019,Literature,The Nobel Prize in  Literature
2013,Physics,The Nobel Prize in Physics
1960,Physiology or Medicine,The Nobel Prize in Physiology or Medicine
1978,Chemistry,The Nobel Prize in Chemistry
1966,Physiology or Medicine,The Nobel Prize in Physiology or Medicine
1959,Peace,The Nobel Peace Prize
1950,Physiology or Medicine,The Nobel Prize in Physiology or Medicine
1977,Physics,The Nobel Prize in Physics
1905,Physics,The Nobel Prize in Physics
1993,Physiology or Medicine,The Nobel Prize in Physiology or Medicine
1903,Physics,The Nobel Prize in Physics
1991,Physics,The Nobel Prize in Physics
1902,Physics,The Nobel Prize in Physics
1955,Physics,The Nobel Prize in Physics
1995,Peace,The Nobel Peace Prize
1978,Physics,The Nobel Prize in Physics
1913,Literature,The Nobel Prize in  Literature
1969,Economic Sciences,The Sveriges Riksbank Prize in Economic Sciences in Memory of Alfred Nobel
1967,Physiology or Medicine,The Nobel Prize in Physiology or Medicine
2017,Physics,The Nobel Prize in Physics
1950,Peace,The Nobel Peace Prize
2011,Physiology or Medicine,The Nobel Prize in Physiology or Medicine
1903,Peace,The Nobel Peace Prize
2013,Physiology or Medicine,The Nobel Prize in Physiology or Medicine
2002,Physics,The Nobel Prize in Physics
1994,Economic Sciences,The Sveriges Riksbank Prize in Economic Sciences in Memory of Alfred Nobel
1975,Physiology or Medicine,The Nobel Prize in Physiology or Medicine
1968,Peace,The Nobel Peace Prize
2002,Physics,The Nobel Prize in Physics
2004,Physiology or Medicine,The Nobel Prize in Physiology or Medicine
1996,Chemistry,The Nobel Prize in Chemistry
1990,Physics,The Nobel Prize in Physics
2010,Chemistry,The Nobel Prize in Chemistry
2017,Economic Sciences,The Sveriges Riksbank Prize in Economic Sciences in Memory of Alfred Nobel
2017,Chemistry,The Nobel Prize in Chemistry
1993,Physiology or Medicine,The Nobel Prize in Physiology or Medicine
1938,Chemistry,The Nobel Prize in Chemistry
1952,Chemistry,The Nobel Prize in Chemistry
1965,Physics,The Nobel Prize in Physics
1991,Chemistry,The Nobel Prize in Chemistry
2005,Chemistry,The Nobel Prize in Chemistry
1984,Economic Sciences,The Sveriges Riksbank Prize in Economic Sciences in Memory of Alfred Nobel
1915,Chemistry,The Nobel Prize in Chemistry
1925,Chemistry,The Nobel Prize in Chemistry
1992,Peace,The Nobel Peace Prize
1986,Physiology or Medicine,The Nobel Prize in Physiology or Medicine
1981,Chemistry,The Nobel Prize in Chemistry
1923,Physics,The Nobel Prize in Physics
1998,Physics,The Nobel Prize in Physics
1965,Chemistry,The Nobel Prize in Chemistry
1914,Physiology or Medicine,The Nobel Prize in Physiology or Medicine
1997,Economic Sciences,The Sveriges Riksbank Prize in Economic Sciences in Memory of Alfred Nobel
1996,Physics,The Nobel Prize in Physics
1937,Peace,The Nobel Peace Prize
1995,Economic Sciences,The Sveriges Riksbank Prize in Economic Sciences in Memory of Alfred Nobel
1996,Chemistry,The Nobel Prize in Chemistry
2003,Economic Sciences,The Sveriges Riksbank Prize in Economic Sciences in Memory of Alfred Nobel
1998,Physiology or Medicine,The Nobel Prize in Physiology or Medicine
2010,Physiology or Medicine,The Nobel Prize in Physiology or Medicine
2005,Chemistry,The Nobel Prize in Chemistry
1961,Physics,The Nobel Prize in Physics
1988,Chemistry,The Nobel Prize in Chemistry
2005,Economic Sciences,The Sveriges Riksbank Prize in Economic Sciences in Memory of Alfred Nobel
2012,Chemistry,The Nobel Prize in Chemistry
2013,Economic Sciences,The Sveriges Riksbank Prize in Economic Sciences in Memory of Alfred Nobel
1905,Physiology or Medicine,The Nobel Prize in Physiology or Medicine
1987,Economic Sciences,The Sveriges Riksbank Prize in Economic Sciences in Memory of Alfred Nobel
1999,Economic Sciences,The Sveriges Riksbank Prize in Economic Sciences in Memory of Alfred Nobel
1966,Chemistry,The Nobel Prize in Chemistry
1972,Physics,The Nobel Prize in Physics
1993,Economic Sciences,The Sveriges Riksbank Prize in Economic Sciences in Memory of Alfred Nobel
1968,Physiology or Medicine,The Nobel Prize in Physiology or Medicine
1978,Physics,The Nobel Prize in Physics
2003,Chemistry,The Nobel Prize in Chemistry
1972,Physiology or Medicine,The Nobel Prize in Physiology or Medicine
2007,Economic Sciences,The Sveriges Riksbank Prize in Economic Sciences in Memory of Alfred Nobel
2006,Chemistry,The Nobel Prize in Chemistry
1977,Physiology or Medicine,The Nobel Prize in Physiology or Medicine
1937,Literature,The Nobel Prize in  Literature
1981,Physiology or Medicine,The Nobel Prize in Physiology or Medicine
2008,Chemistry,The Nobel Prize in Chemistry
1996,Physiology or Medicine,The Nobel Prize in Physiology or Medicine
1915,Literature,The Nobel Prize in  Literature
1967,Chemistry,The Nobel Prize in Chemistry
1991,Economic Sciences,The Sveriges Riksbank Prize in Economic Sciences in Memory of Alfred Nobel
1902,Physiology or Medicine,The Nobel Prize in Physiology or Medicine
1977,Physiology or Medicine,The Nobel Prize in Physiology or Medicine
2005,Physics,The Nobel Prize in Physics
1908,Literature,The Nobel Prize in  Literature
1961,Physics,The Nobel Prize in Physics
1992,Chemistry,The Nobel Prize in Chemistry
1907,Literature,The Nobel Prize in  Literature
1993,Physics,The Nobel Prize in Physics
2001,Chemistry,The Nobel Prize in Chemistry
1960,Literature,The Nobel Prize in  Literature
1969,Physiology or Medicine,The Nobel Prize in Physiology or Medicine
1959,Literature,The Nobel Prize in  Literature
1969,Literature,The Nobel Prize in  Literature
1976,Physics,The Nobel Prize in Physics
1906,Physiology or Medicine,The Nobel Prize in Physiology or Medicine
2015,Physiology or Medicine,The Nobel Prize in Physiology or Medicine
1976,Literature,The Nobel Prize in  Literature
2011,Physics,The Nobel Prize in Physics
1995,Literature,The Nobel Prize in  Literature
1974,Peace,The Nobel Peace Prize
1909,Literature,The Nobel Prize in  Literature
1952,Physiology or Medicine,The Nobel Prize in Physiology or Medicine
2012,Physics,The Nobel Prize in Physics
1959,Physiology or Medicine,The Nobel Prize in Physiology or Medicine
1979,Physics,The Nobel Prize in Physics
1994,Peace,The Nobel Peace Prize
2012,Physiology or Medicine,The Nobel Prize in Physiology or Medicine
2003,Peace,The Nobel Peace Prize
1966,Literature,The Nobel Prize in  Literature
2014,Physics,The Nobel Prize in Physics
1989,Chemistry,The Nobel Prize in Chemistry
1928,Literature,The Nobel Prize in  Literature
1971,Economic Sciences,The Sveriges Riksbank Prize in Economic Sciences in Memory of Alfred Nobel
1984,Physics,The Nobel Prize in Physics
1965,Physics,The Nobel Prize in Physics
1930,Literature,The Nobel Prize in  Literature
1945,Physiology or Medicine,The Nobel Prize in Physiology or Medicine
1979,Economic Sciences,The Sveriges Riksbank Prize in Economic Sciences in Memory of Alfred Nobel
1925,Peace,The Nobel Peace Prize
1970,Physiology or Medicine,The Nobel Prize in Physiology or Medicine
1930,Physics,The Nobel Prize in Physics
1932,Physiology or Medicine,The Nobel Prize in Physiology or Medicine
1956,Chemistry,The Nobel Prize in Chemistry
1960,Physiology or Medicine,The Nobel Prize in Physiology or Medicine
1929,Physiology or Medicine,The Nobel Prize in Physiology or Medicine
2018,Chemistry,The Nobel Prize in Chemistry
1996,Chemistry,The Nobel Prize in Chemistry
1936,Physiology or Medicine,The Nobel Prize in Physiology or Medicine
1945,Physiology or Medicine,The Nobel Prize in Physiology or Medicine
2016,Chemistry,The Nobel Prize in Chemistry
1988,Physiology or Medicine,The Nobel Prize in Physiology or Medicine
2012,Physiology or Medicine,The Nobel Prize in Physiology or Medicine
1963,Physiology or Medicine,The Nobel Prize in Physiology or Medicine
2007,Physiology or Medicine,The Nobel Prize in Physiology or Medicine
1977,Physics,The Nobel Prize in Physics
1933,Peace,The Nobel Peace Prize
2001,Physiology or Medicine,The Nobel Prize in Physiology or Medicine
2019,Physiology or Medicine,The Nobel Prize in Physiology or Medicine
2003,Physiology or Medicine,The Nobel Prize in Physiology or Medicine
1947,Chemistry,The Nobel Prize in Chemistry
1904,Chemistry,The Nobel Prize in Chemistry
1972,Chemistry,The Nobel Prize in Chemistry
1997,Physiology or Medicine,The Nobel Prize in Physiology or Medicine
1986,Physiology or Medicine,The Nobel Prize in Physiology or Medicine
2014,Chemistry,The Nobel Prize in Chemistry
1997,Physics,The Nobel Prize in Physics
1979,Physics,The Nobel Prize in Physics
1983,Physics,The Nobel Prize in Physics
1901,Literature,The Nobel Prize in  Literature
1982,Physiology or Medicine,The Nobel Prize in Physiology or Medicine
1987,Physiology or Medicine,The Nobel Prize in Physiology or Medicine
1903,Chemistry,The Nobel Prize in Chemistry
2015,Literature,The Nobel Prize in  Literature
2002,Physiology or Medicine,The Nobel Prize in Physiology or Medicine
1948,Literature,The Nobel Prize in  Literature
1950,Physiology or Medicine,The Nobel Prize in Physiology or Medicine
2015,Physics,The Nobel Prize in Physics
2018,Physiology or Medicine,The Nobel Prize in Physiology or Medicine
2011,Peace,The Nobel Peace Prize
1989,Peace,The Nobel Peace Prize
1926,Chemistry,The Nobel Prize in Chemistry
1909,Physiology or Medicine,The Nobel Prize in Physiology or Medicine
1902,Literature,The Nobel Prize in  Literature
2005,Physics,The Nobel Prize in Physics
1906,Peace,The Nobel Peace Prize
1914,Chemistry,The Nobel Prize in Chemistry
1979,Economic Sciences,The Sveriges Riksbank Prize in Economic Sciences in Memory of Alfred Nobel
2009,Chemistry,The Nobel Prize in Chemistry
2005,Economic Sciences,The Sveriges Riksbank Prize in Economic Sciences in Memory of Alfred Nobel
2013,Physiology or Medicine,The Nobel Prize in Physiology or Medicine
1933,Physiology or Medicine,The Nobel Prize in Physiology or Medicine
1954,Physiology or Medicine,The Nobel Prize in Physiology or Medicine
2011,Economic Sciences,The Sveriges Riksbank Prize in Economic Sciences in Memory of Alfred Nobel
1929,Literature,The Nobel Prize in  Literature
1989,Chemistry,The Nobel Prize in Chemistry
2001,Physiology or Medicine,The Nobel Prize in Physiology or Medicine
1975,Economic Sciences,The Sveriges Riksbank Prize in Economic Sciences in Memory of Alfred Nobel
1911,Peace,The Nobel Peace Prize
2015,Chemistry,The Nobel Prize in Chemistry
2011,Literature,The Nobel Prize in  Literature
1993,Literature,The Nobel Prize in  Literature
1981,Physiology or Medicine,The Nobel Prize in Physiology or Medicine
2008,Physics,The Nobel Prize in Physics
1989,Economic Sciences,The Sveriges Riksbank Prize in Economic Sciences in Memory of Alfred Nobel
1957,Physics,The Nobel Prize in Physics
2015,Physiology or Medicine,The Nobel Prize in Physiology or Medicine
1970,Physiology or Medicine,The Nobel Prize in Physiology or Medicine
2001,Peace,The Nobel Peace Prize
1965,Peace,The Nobel Peace Prize
1988,Peace,The Nobel Peace Prize
2001,Literature,The Nobel Prize in  Literature
1980,Physics,The Nobel Prize in Physics
2009,Chemistry,The Nobel Prize in Chemistry
1916,Literature,The Nobel Prize in  Literature
2002,Economic Sciences,The Sveriges Riksbank Prize in Economic Sciences in Memory of Alfred Nobel
1977,Literature,The Nobel Prize in  Literature
1936,Physics,The Nobel Prize in Physics
1912,Chemistry,The Nobel Prize in Chemistry
1955,Chemistry,The Nobel Prize in Chemistry
2003,Physics,The Nobel Prize in Physics
1975,Chemistry,The Nobel Prize in Chemistry
1980,Chemistry,The Nobel Prize in Chemistry
1956,Physics,The Nobel Prize in Physics
1949,Physiology or Medicine,The Nobel Prize in Physiology or Medicine
1998,Chemistry,The Nobel Prize in Chemistry
1954,Physics,The Nobel Prize in Physics
1920,Chemistry,The Nobel Prize in Chemistry
2004,Peace,The Nobel Peace Prize
1973,Economic Sciences,The Sveriges Riksbank Prize in Economic Sciences in Memory of Alfred Nobel
1946,Chemistry,The Nobel Prize in Chemistry
1978,Physiology or Medicine,The Nobel Prize in Physiology or Medicine
1956,Physiology or Medicine,The Nobel Prize in Physiology or Medicine
1932,Physics,The Nobel Prize in Physics
1901,Physics,The Nobel Prize in Physics
1909,Chemistry,The Nobel Prize in Chemistry
1911,Physics,The Nobel Prize in Physics
1960,Chemistry,The Nobel Prize in Chemistry
2009,Physics,The Nobel Prize in Physics
1924,Physiology or Medicine,The Nobel Prize in Physiology or Medicine
1983,Physics,The Nobel Prize in Physics
1956,Physics,The Nobel Prize in Physics
1915,Physics,The Nobel Prize in Physics
1923,Literature,The Nobel Prize in  Literature
2015,Physiology or Medicine,The Nobel Prize in Physiology or Medicine
2018,Economic Sciences,The Sveriges Riksbank Prize in Economic Sciences in Memory of Alfred Nobel
1997,Physics,The Nobel Prize in Physics
2014,Chemistry,The Nobel Prize in Chemistry
1949,Chemistry,The Nobel Prize in Chemistry
1990,Economic Sciences,The Sveriges Riksbank Prize in Economic Sciences in Memory of Alfred Nobel
1949,Literature,The Nobel Prize in  Literature
2019,Physiology or Medicine,The Nobel Prize in Physiology or Medicine
1983,Literature,The Nobel Prize in  Literature
1972,Chemistry,The Nobel Prize in Chemistry
2001,Chemistry,The Nobel Prize in Chemistry
1976,Chemistry,The Nobel Prize in Chemistry
1934,Physiology or Medicine,The Nobel Prize in Physiology or Medicine
1996,Economic Sciences,The Sveriges Riksbank Prize in Economic Sciences in Memory of Alfred Nobel
1955,Physics,The Nobel Prize in Physics
1971,Peace,The Nobel Peace Prize
1953,Literature,The Nobel Prize in  Literature
1996,Literature,The Nobel Prize in  Literature
1924,Literature,The Nobel Prize in  Literature
1986,Literature,The Nobel Prize in  Literature
2001,Physics,The Nobel Prize in Physics
1989,Physics,The Nobel Prize in Physics
1945,Physics,The Nobel Prize in Physics
1919,Peace,The Nobel Peace Prize
1994,Peace,The Nobel Peace Prize
1968,Literature,The Nobel Prize in  Literature
1994,Peace,The Nobel Peace Prize
2008,Physics,The Nobel Prize in Physics
2016,Physiology or Medicine,The Nobel Prize in Physiology or Medicine
1986,Chemistry,The Nobel Prize in Chemistry
2005,Chemistry,The Nobel Prize in Chemistry
2000,Physics,The Nobel Prize in Physics
1980,Chemistry,The Nobel Prize in Chemistry
1944,Peace,The Nobel Peace Prize
1972,Physics,The Nobel Prize in Physics
1954,Chemistry,The Nobel Prize in Chemistry
1911,Chemistry,The Nobel Prize in Chemistry
1981,Peace,The Nobel Peace Prize
1963,Peace,The Nobel Peace Prize
